-- MaS (Massage Administration System) — Seed Data
-- MariaDB 10.x | Charset: utf8mb4_unicode_ci

USE `mas`;

SET NAMES utf8mb4;
SET FOREIGN_KEY_CHECKS = 0;

-- ─────────────────────────────────────────────
-- Roles
-- ─────────────────────────────────────────────

INSERT INTO `roles` (`id`, `name`) VALUES
  (1, 'dev'),
  (2, 'admin'),
  (3, 'staff');

-- ─────────────────────────────────────────────
-- Skills (8 รายการ)
-- ─────────────────────────────────────────────

INSERT INTO `skills` (`id`, `name`) VALUES
  (1, 'นวดไทย'),
  (2, 'นวดน้ำมัน'),
  (3, 'นวดเท้า'),
  (4, 'นวดศีรษะ'),
  (5, 'สครับผิว'),
  (6, 'นวดหน้า'),
  (7, 'อโรมาเทอราพี'),
  (8, 'นวดกดจุด');

-- ─────────────────────────────────────────────
-- Employees (4 ทำงานอยู่ + 6 เลิกจ้าง = 10 คน)
-- ─────────────────────────────────────────────

INSERT INTO `employees` (`id`, `first_name`, `last_name`, `phone`, `employment_status`) VALUES
  (1,  'สมหญิง', 'ใจดี',     '081-234-5678', 'employed'),
  (2,  'มาลี',   'สวัสดี',   '082-345-6789', 'employed'),
  (3,  'วรรณา',  'มีสุข',    '083-456-7890', 'employed'),
  (4,  'นภา',    'รักงาน',   '084-567-8901', 'employed'),
  (5,  'กัญญา',  'เพียรดี',  '085-678-9012', 'terminated'),
  (6,  'ปรียา',  'ขยันทำ',   '086-789-0123', 'terminated'),
  (7,  'สุมาลี', 'มานะ',     '087-890-1234', 'terminated'),
  (8,  'ทิพย์',  'สุขใจ',    '088-901-2345', 'terminated'),
  (9,  'รัตนา',  'ดีงาม',    '089-012-3456', 'terminated'),
  (10, 'สุดา',   'ใจงาม',    '090-123-4567', 'terminated');

-- ─────────────────────────────────────────────
-- Employee Skills
-- ─────────────────────────────────────────────

INSERT INTO `employee_skills` (`employee_id`, `skill_id`) VALUES
  (1, 1), (1, 2), (1, 3),
  (2, 2), (2, 5), (2, 7),
  (3, 1), (3, 4), (3, 6),
  (4, 3), (4, 8),
  (5, 1), (5, 2),
  (6, 3), (6, 5),
  (7, 1), (7, 4),
  (8, 2), (8, 7),
  (9, 6), (9, 8),
  (10, 1), (10, 3);

-- ─────────────────────────────────────────────
-- Users (3 คน: dev, admin, staff)
-- PIN ใช้ SHA2(pin, 256) — ตรงกับ Node.js crypto SHA-256
-- dev=0000 | admin=1111 | staff=2222
-- ─────────────────────────────────────────────

INSERT INTO `users` (`employee_id`, `role_id`, `pin`) VALUES
  (NULL, 1, SHA2('0000', 256)),  -- dev       (ไม่ผูก employee)
  (1,    2, SHA2('1111', 256)),  -- admin     → สมหญิง ใจดี
  (2,    3, SHA2('2222', 256));  -- staff     → มาลี สวัสดี

-- ─────────────────────────────────────────────
-- Massages (10 แผน)
-- ─────────────────────────────────────────────

INSERT INTO `massages` (`id`, `name`, `description`, `duration_min`, `price`, `hourly_rate`, `status`) VALUES
  (1,  'นวดไทย',           'การนวดแผนไทยแบบดั้งเดิม ช่วยคลายกล้ามเนื้อและเพิ่มการไหลเวียนโลหิต',  60,  300.00, 80.00, 'active'),
  (2,  'นวดน้ำมัน',        'นวดด้วยน้ำมันหอมระเหย ช่วยบำรุงผิวพรรณและผ่อนคลายความตึงเครียด',     90,  500.00, 90.00, 'active'),
  (3,  'นวดเท้า',          'การนวดสะท้อนเท้า กระตุ้นจุดฝ่าเท้าที่เชื่อมโยงกับอวัยวะต่างๆ',        45,  250.00, 75.00, 'active'),
  (4,  'นวดศีรษะ',         'นวดบริเวณศีรษะ ต้นคอ และไหล่ ลดอาการปวดหัวและความเครียด',             30,  200.00, 70.00, 'active'),
  (5,  'สครับผิว',         'ขัดผิวด้วยส่วนผสมธรรมชาติ ช่วยขจัดเซลล์ผิวเก่า',                      45,  350.00, 80.00, 'active'),
  (6,  'นวดหน้า',          'นวดบำรุงผิวหน้าและกระตุ้นการไหลเวียนโลหิต ลดอาการบวมและอ่อนล้า',      45,  380.00, 85.00, 'active'),
  (7,  'อโรมาเทอราพี',     'บำบัดด้วยกลิ่นหอมจากน้ำมันหอมระเหยธรรมชาติ ผ่อนคลายร่างกายและจิตใจ', 60,  450.00, 90.00, 'active'),
  (8,  'นวดกดจุด',         'การนวดกดจุดพลังงานบนร่างกาย ช่วยปรับสมดุลพลังงาน',                     60,  400.00, 85.00, 'active'),
  (9,  'นวดไทย 2 ชั่วโมง', 'แพ็กเกจนวดไทยแบบเต็มรูปแบบ ครอบคลุมทั่วร่างกาย',                     120, 550.00, 80.00, 'active'),
  (10, 'อบสมุนไพร',        'อบไอน้ำสมุนไพรไทย ช่วยขับสารพิษและบรรเทาอาการปวดเมื่อย',              30,  280.00, 75.00, 'paused');

-- ─────────────────────────────────────────────
-- Rooms
-- ─────────────────────────────────────────────

INSERT INTO `rooms` (`id`, `room_number`) VALUES
  (1, 1), (2, 2), (3, 3), (4, 4), (5, 5), (6, 6);

SET FOREIGN_KEY_CHECKS = 1;
